Warehouse,Customer,Product,Flow units,,,,,,
Warhouse1,Customer1,Clear,0,,,Row Labels,Sum of Flow units,,
Warhouse1,Customer1,Green,0,,,Warhouse1,85296.28,,
Warhouse1,Customer1,Red,0,,,Warhouse2,90193.71,,
Warhouse1,Customer1,Blue,0,,,Warhouse3,66575.22,,
Warhouse1,Customer1,Gray,0,,,Warhouse4,93271.36,,
Warhouse1,Customer2,Clear,0,,,Warhouse5,80392.12,,
Warhouse1,Customer2,Green,0,,,Grand Total,415728.69,,
Warhouse1,Customer2,Red,0,,,,,,
Warhouse1,Customer2,Blue,0,,,,,,
Warhouse1,Customer2,Gray,0,,Sr.no,Warehouse_id,Aggregated product flow,Capacity,Utilization
Warhouse1,Customer3,Clear,0,,1,Warhouse1,85296.28,100000,85%
Warhouse1,Customer3,Green,0,,2,Warhouse2,90193.71,100000,90%
Warhouse1,Customer3,Red,0,,3,Warhouse3,66575.22,100000,67%
Warhouse1,Customer3,Blue,0,,4,Warhouse4,93271.36,100000,93%
Warhouse1,Customer3,Gray,0,,5,Warhouse5,80392.12,100000,80%
Warhouse1,Customer4,Clear,0,,,Grand Total,415728.69,500000,83%
Warhouse1,Customer4,Green,0,,,,,,
Warhouse1,Customer4,Red,0,,,,z,,
Warhouse1,Customer4,Blue,0,,,,,,
Warhouse1,Customer4,Gray,0,,,,,,
Warhouse1,Customer5,Clear,4920.32,,,,,,
Warhouse1,Customer5,Green,1961.78,,,,,,
Warhouse1,Customer5,Red,1299.71,,,,,,
Warhouse1,Customer5,Blue,882.03,,,,,,
Warhouse1,Customer5,Gray,281.41,,,,,,
Warhouse1,Customer6,Clear,5077.8,,,,,,
Warhouse1,Customer6,Green,3419.11,,,,,,
Warhouse1,Customer6,Red,599.27,,,,,,
Warhouse1,Customer6,Blue,222.62,,,,,,
Warhouse1,Customer6,Gray,215.58,,,,,,
Warhouse1,Customer7,Clear,0,,,,,,
Warhouse1,Customer7,Green,0,,,,,,
Warhouse1,Customer7,Red,0,,,,,,
Warhouse1,Customer7,Blue,0,,,,,,
Warhouse1,Customer7,Gray,0,,,,,,
Warhouse1,Customer8,Clear,0,,,,,,
Warhouse1,Customer8,Green,0,,,,,,
Warhouse1,Customer8,Red,0,,,,,,
Warhouse1,Customer8,Blue,0,,,,,,
Warhouse1,Customer8,Gray,0,,,,,,
Warhouse1,Customer9,Clear,0,,,,,,
Warhouse1,Customer9,Green,0,,,,,,
Warhouse1,Customer9,Red,0,,,,,,
Warhouse1,Customer9,Blue,0,,,,,,
Warhouse1,Customer9,Gray,0,,,,,,
Warhouse1,Customer10,Clear,0,,,,,,
Warhouse1,Customer10,Green,0,,,,,,
Warhouse1,Customer10,Red,0,,,,,,
Warhouse1,Customer10,Blue,0,,,,,,
Warhouse1,Customer10,Gray,0,,,,,,
Warhouse1,Customer11,Clear,0,,,,,,
Warhouse1,Customer11,Green,0,,,,,,
Warhouse1,Customer11,Red,0,,,,,,
Warhouse1,Customer11,Blue,0,,,,,,
Warhouse1,Customer11,Gray,0,,,,,,
Warhouse1,Customer12,Clear,0,,,,,,
Warhouse1,Customer12,Green,0,,,,,,
Warhouse1,Customer12,Red,0,,,,,,
Warhouse1,Customer12,Blue,0,,,,,,
Warhouse1,Customer12,Gray,0,,,,,,
Warhouse1,Customer13,Clear,0,,,,,,
Warhouse1,Customer13,Green,0,,,,,,
Warhouse1,Customer13,Red,0,,,,,,
Warhouse1,Customer13,Blue,0,,,,,,
Warhouse1,Customer13,Gray,0,,,,,,
Warhouse1,Customer14,Clear,0,,,,,,
Warhouse1,Customer14,Green,0,,,,,,
Warhouse1,Customer14,Red,0,,,,,,
Warhouse1,Customer14,Blue,0,,,,,,
Warhouse1,Customer14,Gray,0,,,,,,
Warhouse1,Customer15,Clear,0,,,,,,
Warhouse1,Customer15,Green,0,,,,,,
Warhouse1,Customer15,Red,0,,,,,,
Warhouse1,Customer15,Blue,0,,,,,,
Warhouse1,Customer15,Gray,0,,,,,,
Warhouse1,Customer16,Clear,9152.47,,,,,,
Warhouse1,Customer16,Green,2221.8,,,,,,
Warhouse1,Customer16,Red,1752.75,,,,,,
Warhouse1,Customer16,Blue,739.97,,,,,,
Warhouse1,Customer16,Gray,178.33,,,,,,
Warhouse1,Customer17,Clear,10206.88,,,,,,
Warhouse1,Customer17,Green,2139.63,,,,,,
Warhouse1,Customer17,Red,227.06,,,,,,
Warhouse1,Customer17,Blue,11.09,,,,,,
Warhouse1,Customer17,Gray,3.4,,,,,,
Warhouse1,Customer18,Clear,4601.63,,,,,,
Warhouse1,Customer18,Green,1822.87,,,,,,
Warhouse1,Customer18,Red,184.26,,,,,,
Warhouse1,Customer18,Blue,199.51,,,,,,
Warhouse1,Customer18,Gray,142.11,,,,,,
Warhouse1,Customer19,Clear,0,,,,,,
Warhouse1,Customer19,Green,0,,,,,,
Warhouse1,Customer19,Red,0,,,,,,
Warhouse1,Customer19,Blue,0,,,,,,
Warhouse1,Customer19,Gray,0,,,,,,
Warhouse1,Customer20,Clear,0,,,,,,
Warhouse1,Customer20,Green,0,,,,,,
Warhouse1,Customer20,Red,0,,,,,,
Warhouse1,Customer20,Blue,0,,,,,,
Warhouse1,Customer20,Gray,0,,,,,,
Warhouse1,Customer21,Clear,0,,,,,,
Warhouse1,Customer21,Green,0,,,,,,
Warhouse1,Customer21,Red,0,,,,,,
Warhouse1,Customer21,Blue,0,,,,,,
Warhouse1,Customer21,Gray,0,,,,,,
Warhouse1,Customer22,Clear,0,,,,,,
Warhouse1,Customer22,Green,0,,,,,,
Warhouse1,Customer22,Red,0,,,,,,
Warhouse1,Customer22,Blue,0,,,,,,
Warhouse1,Customer22,Gray,0,,,,,,
Warhouse1,Customer23,Clear,0,,,,,,
Warhouse1,Customer23,Green,0,,,,,,
Warhouse1,Customer23,Red,0,,,,,,
Warhouse1,Customer23,Blue,0,,,,,,
Warhouse1,Customer23,Gray,0,,,,,,
Warhouse1,Customer24,Clear,0,,,,,,
Warhouse1,Customer24,Green,0,,,,,,
Warhouse1,Customer24,Red,0,,,,,,
Warhouse1,Customer24,Blue,0,,,,,,
Warhouse1,Customer24,Gray,0,,,,,,
Warhouse1,Customer25,Clear,0,,,,,,
Warhouse1,Customer25,Green,0,,,,,,
Warhouse1,Customer25,Red,0,,,,,,
Warhouse1,Customer25,Blue,0,,,,,,
Warhouse1,Customer25,Gray,0,,,,,,
Warhouse1,Customer26,Clear,0,,,,,,
Warhouse1,Customer26,Green,0,,,,,,
Warhouse1,Customer26,Red,0,,,,,,
Warhouse1,Customer26,Blue,0,,,,,,
Warhouse1,Customer26,Gray,0,,,,,,
Warhouse1,Customer27,Clear,0,,,,,,
Warhouse1,Customer27,Green,0,,,,,,
Warhouse1,Customer27,Red,0,,,,,,
Warhouse1,Customer27,Blue,0,,,,,,
Warhouse1,Customer27,Gray,0,,,,,,
Warhouse1,Customer28,Clear,0,,,,,,
Warhouse1,Customer28,Green,0,,,,,,
Warhouse1,Customer28,Red,0,,,,,,
Warhouse1,Customer28,Blue,0,,,,,,
Warhouse1,Customer28,Gray,0,,,,,,
Warhouse1,Customer29,Clear,0,,,,,,
Warhouse1,Customer29,Green,0,,,,,,
Warhouse1,Customer29,Red,0,,,,,,
Warhouse1,Customer29,Blue,0,,,,,,
Warhouse1,Customer29,Gray,0,,,,,,
Warhouse1,Customer30,Clear,7333.46,,,,,,
Warhouse1,Customer30,Green,131.02,,,,,,
Warhouse1,Customer30,Red,52.96,,,,,,
Warhouse1,Customer30,Blue,11.54,,,,,,
Warhouse1,Customer30,Gray,11.19,,,,,,
Warhouse1,Customer31,Clear,0,,,,,,
Warhouse1,Customer31,Green,0,,,,,,
Warhouse1,Customer31,Red,0,,,,,,
Warhouse1,Customer31,Blue,0,,,,,,
Warhouse1,Customer31,Gray,0,,,,,,
Warhouse1,Customer32,Clear,0,,,,,,
Warhouse1,Customer32,Green,0,,,,,,
Warhouse1,Customer32,Red,0,,,,,,
Warhouse1,Customer32,Blue,0,,,,,,
Warhouse1,Customer32,Gray,0,,,,,,
Warhouse1,Customer33,Clear,0,,,,,,
Warhouse1,Customer33,Green,0,,,,,,
Warhouse1,Customer33,Red,0,,,,,,
Warhouse1,Customer33,Blue,0,,,,,,
Warhouse1,Customer33,Gray,0,,,,,,
Warhouse1,Customer34,Clear,5652.13,,,,,,
Warhouse1,Customer34,Green,1350.6,,,,,,
Warhouse1,Customer34,Red,617.11,,,,,,
Warhouse1,Customer34,Blue,248.38,,,,,,
Warhouse1,Customer34,Gray,110.66,,,,,,
Warhouse1,Customer35,Clear,0,,,,,,
Warhouse1,Customer35,Green,0,,,,,,
Warhouse1,Customer35,Red,0,,,,,,
Warhouse1,Customer35,Blue,0,,,,,,
Warhouse1,Customer35,Gray,0,,,,,,
Warhouse1,Customer36,Clear,0,,,,,,
Warhouse1,Customer36,Green,0,,,,,,
Warhouse1,Customer36,Red,0,,,,,,
Warhouse1,Customer36,Blue,0,,,,,,
Warhouse1,Customer36,Gray,0,,,,,,
Warhouse1,Customer37,Clear,0,,,,,,
Warhouse1,Customer37,Green,0,,,,,,
Warhouse1,Customer37,Red,0,,,,,,
Warhouse1,Customer37,Blue,0,,,,,,
Warhouse1,Customer37,Gray,0,,,,,,
Warhouse1,Customer38,Clear,0,,,,,,
Warhouse1,Customer38,Green,0,,,,,,
Warhouse1,Customer38,Red,0,,,,,,
Warhouse1,Customer38,Blue,0,,,,,,
Warhouse1,Customer38,Gray,0,,,,,,
Warhouse1,Customer39,Clear,0,,,,,,
Warhouse1,Customer39,Green,0,,,,,,
Warhouse1,Customer39,Red,0,,,,,,
Warhouse1,Customer39,Blue,0,,,,,,
Warhouse1,Customer39,Gray,0,,,,,,
Warhouse1,Customer40,Clear,0,,,,,,
Warhouse1,Customer40,Green,0,,,,,,
Warhouse1,Customer40,Red,0,,,,,,
Warhouse1,Customer40,Blue,0,,,,,,
Warhouse1,Customer40,Gray,0,,,,,,
Warhouse1,Customer41,Clear,1081.47,,,,,,
Warhouse1,Customer41,Green,8.08,,,,,,
Warhouse1,Customer41,Red,7.12,,,,,,
Warhouse1,Customer41,Blue,2.75,,,,,,
Warhouse1,Customer41,Gray,0,,,,,,
Warhouse1,Customer42,Clear,0,,,,,,
Warhouse1,Customer42,Green,0,,,,,,
Warhouse1,Customer42,Red,0,,,,,,
Warhouse1,Customer42,Blue,0,,,,,,
Warhouse1,Customer42,Gray,0,,,,,,
Warhouse1,Customer43,Clear,0,,,,,,
Warhouse1,Customer43,Green,0,,,,,,
Warhouse1,Customer43,Red,0,,,,,,
Warhouse1,Customer43,Blue,0,,,,,,
Warhouse1,Customer43,Gray,0,,,,,,
Warhouse1,Customer44,Clear,0,,,,,,
Warhouse1,Customer44,Green,0,,,,,,
Warhouse1,Customer44,Red,0,,,,,,
Warhouse1,Customer44,Blue,0,,,,,,
Warhouse1,Customer44,Gray,0,,,,,,
Warhouse1,Customer45,Clear,0,,,,,,
Warhouse1,Customer45,Green,0,,,,,,
Warhouse1,Customer45,Red,0,,,,,,
Warhouse1,Customer45,Blue,0,,,,,,
Warhouse1,Customer45,Gray,0,,,,,,
Warhouse1,Customer46,Clear,0,,,,,,
Warhouse1,Customer46,Green,0,,,,,,
Warhouse1,Customer46,Red,0,,,,,,
Warhouse1,Customer46,Blue,0,,,,,,
Warhouse1,Customer46,Gray,0,,,,,,
Warhouse1,Customer47,Clear,0,,,,,,
Warhouse1,Customer47,Green,0,,,,,,
Warhouse1,Customer47,Red,0,,,,,,
Warhouse1,Customer47,Blue,0,,,,,,
Warhouse1,Customer47,Gray,0,,,,,,
Warhouse1,Customer48,Clear,1060.39,,,,,,
Warhouse1,Customer48,Green,214.93,,,,,,
Warhouse1,Customer48,Red,150.7,,,,,,
Warhouse1,Customer48,Blue,110.64,,,,,,
Warhouse1,Customer48,Gray,122.52,,,,,,
Warhouse1,Customer49,Clear,6858.66,,,,,,
Warhouse1,Customer49,Green,3193.94,,,,,,
Warhouse1,Customer49,Red,2806.58,,,,,,
Warhouse1,Customer49,Blue,842.58,,,,,,
Warhouse1,Customer49,Gray,853.48,,,,,,
Warhouse1,Customer50,Clear,0,,,,,,
Warhouse1,Customer50,Green,0,,,,,,
Warhouse1,Customer50,Red,0,,,,,,
Warhouse1,Customer50,Blue,0,,,,,,
Warhouse1,Customer50,Gray,0,,,,,,
Warhouse2,Customer1,Clear,4650.28,,,,,,
Warhouse2,Customer1,Green,528.11,,,,,,
Warhouse2,Customer1,Red,480.26,,,,,,
Warhouse2,Customer1,Blue,307.36,,,,,,
Warhouse2,Customer1,Gray,76.52,,,,,,
Warhouse2,Customer2,Clear,10882.7,,,,,,
Warhouse2,Customer2,Green,4183.8,,,,,,
Warhouse2,Customer2,Red,622.67,,,,,,
Warhouse2,Customer2,Blue,474.39,,,,,,
Warhouse2,Customer2,Gray,280.62,,,,,,
Warhouse2,Customer3,Clear,7920.68,,,,,,
Warhouse2,Customer3,Green,352.45,,,,,,
Warhouse2,Customer3,Red,131.04,,,,,,
Warhouse2,Customer3,Blue,7.56,,,,,,
Warhouse2,Customer3,Gray,5.06,,,,,,
Warhouse2,Customer4,Clear,0,,,,,,
Warhouse2,Customer4,Green,0,,,,,,
Warhouse2,Customer4,Red,0,,,,,,
Warhouse2,Customer4,Blue,0,,,,,,
Warhouse2,Customer4,Gray,0,,,,,,
Warhouse2,Customer5,Clear,0,,,,,,
Warhouse2,Customer5,Green,0,,,,,,
Warhouse2,Customer5,Red,0,,,,,,
Warhouse2,Customer5,Blue,0,,,,,,
Warhouse2,Customer5,Gray,0,,,,,,
Warhouse2,Customer6,Clear,0,,,,,,
Warhouse2,Customer6,Green,0,,,,,,
Warhouse2,Customer6,Red,0,,,,,,
Warhouse2,Customer6,Blue,0,,,,,,
Warhouse2,Customer6,Gray,0,,,,,,
Warhouse2,Customer7,Clear,0,,,,,,
Warhouse2,Customer7,Green,0,,,,,,
Warhouse2,Customer7,Red,0,,,,,,
Warhouse2,Customer7,Blue,0,,,,,,
Warhouse2,Customer7,Gray,0,,,,,,
Warhouse2,Customer8,Clear,0,,,,,,
Warhouse2,Customer8,Green,0,,,,,,
Warhouse2,Customer8,Red,0,,,,,,
Warhouse2,Customer8,Blue,0,,,,,,
Warhouse2,Customer8,Gray,0,,,,,,
Warhouse2,Customer9,Clear,0,,,,,,
Warhouse2,Customer9,Green,0,,,,,,
Warhouse2,Customer9,Red,0,,,,,,
Warhouse2,Customer9,Blue,0,,,,,,
Warhouse2,Customer9,Gray,0,,,,,,
Warhouse2,Customer10,Clear,0,,,,,,
Warhouse2,Customer10,Green,0,,,,,,
Warhouse2,Customer10,Red,0,,,,,,
Warhouse2,Customer10,Blue,0,,,,,,
Warhouse2,Customer10,Gray,0,,,,,,
Warhouse2,Customer11,Clear,6625.68,,,,,,
Warhouse2,Customer11,Green,583.25,,,,,,
Warhouse2,Customer11,Red,371.12,,,,,,
Warhouse2,Customer11,Blue,171.36,,,,,,
Warhouse2,Customer11,Gray,78.5,,,,,,
Warhouse2,Customer12,Clear,0,,,,,,
Warhouse2,Customer12,Green,0,,,,,,
Warhouse2,Customer12,Red,0,,,,,,
Warhouse2,Customer12,Blue,0,,,,,,
Warhouse2,Customer12,Gray,0,,,,,,
Warhouse2,Customer13,Clear,5288.12,,,,,,
Warhouse2,Customer13,Green,1569.92,,,,,,
Warhouse2,Customer13,Red,216.21,,,,,,
Warhouse2,Customer13,Blue,44.12,,,,,,
Warhouse2,Customer13,Gray,34.13,,,,,,
Warhouse2,Customer14,Clear,0,,,,,,
Warhouse2,Customer14,Green,0,,,,,,
Warhouse2,Customer14,Red,0,,,,,,
Warhouse2,Customer14,Blue,0,,,,,,
Warhouse2,Customer14,Gray,0,,,,,,
Warhouse2,Customer15,Clear,0,,,,,,
Warhouse2,Customer15,Green,0,,,,,,
Warhouse2,Customer15,Red,0,,,,,,
Warhouse2,Customer15,Blue,0,,,,,,
Warhouse2,Customer15,Gray,0,,,,,,
Warhouse2,Customer16,Clear,0,,,,,,
Warhouse2,Customer16,Green,0,,,,,,
Warhouse2,Customer16,Red,0,,,,,,
Warhouse2,Customer16,Blue,0,,,,,,
Warhouse2,Customer16,Gray,0,,,,,,
Warhouse2,Customer17,Clear,0,,,,,,
Warhouse2,Customer17,Green,0,,,,,,
Warhouse2,Customer17,Red,0,,,,,,
Warhouse2,Customer17,Blue,0,,,,,,
Warhouse2,Customer17,Gray,0,,,,,,
Warhouse2,Customer18,Clear,0,,,,,,
Warhouse2,Customer18,Green,0,,,,,,
Warhouse2,Customer18,Red,0,,,,,,
Warhouse2,Customer18,Blue,0,,,,,,
Warhouse2,Customer18,Gray,0,,,,,,
Warhouse2,Customer19,Clear,0,,,,,,
Warhouse2,Customer19,Green,0,,,,,,
Warhouse2,Customer19,Red,0,,,,,,
Warhouse2,Customer19,Blue,0,,,,,,
Warhouse2,Customer19,Gray,0,,,,,,
Warhouse2,Customer20,Clear,0,,,,,,
Warhouse2,Customer20,Green,0,,,,,,
Warhouse2,Customer20,Red,0,,,,,,
Warhouse2,Customer20,Blue,0,,,,,,
Warhouse2,Customer20,Gray,0,,,,,,
Warhouse2,Customer21,Clear,2984.38,,,,,,
Warhouse2,Customer21,Green,948.33,,,,,,
Warhouse2,Customer21,Red,138.71,,,,,,
Warhouse2,Customer21,Blue,63.72,,,,,,
Warhouse2,Customer21,Gray,6.96,,,,,,
Warhouse2,Customer22,Clear,0,,,,,,
Warhouse2,Customer22,Green,0,,,,,,
Warhouse2,Customer22,Red,0,,,,,,
Warhouse2,Customer22,Blue,0,,,,,,
Warhouse2,Customer22,Gray,0,,,,,,
Warhouse2,Customer23,Clear,3934.48,,,,,,
Warhouse2,Customer23,Green,1910.64,,,,,,
Warhouse2,Customer23,Red,1659.02,,,,,,
Warhouse2,Customer23,Blue,355.99,,,,,,
Warhouse2,Customer23,Gray,227.7,,,,,,
Warhouse2,Customer24,Clear,0,,,,,,
Warhouse2,Customer24,Green,0,,,,,,
Warhouse2,Customer24,Red,0,,,,,,
Warhouse2,Customer24,Blue,0,,,,,,
Warhouse2,Customer24,Gray,0,,,,,,
Warhouse2,Customer25,Clear,0,,,,,,
Warhouse2,Customer25,Green,0,,,,,,
Warhouse2,Customer25,Red,0,,,,,,
Warhouse2,Customer25,Blue,0,,,,,,
Warhouse2,Customer25,Gray,0,,,,,,
Warhouse2,Customer26,Clear,0,,,,,,
Warhouse2,Customer26,Green,0,,,,,,
Warhouse2,Customer26,Red,0,,,,,,
Warhouse2,Customer26,Blue,0,,,,,,
Warhouse2,Customer26,Gray,0,,,,,,
Warhouse2,Customer27,Clear,0,,,,,,
Warhouse2,Customer27,Green,0,,,,,,
Warhouse2,Customer27,Red,0,,,,,,
Warhouse2,Customer27,Blue,0,,,,,,
Warhouse2,Customer27,Gray,0,,,,,,
Warhouse2,Customer28,Clear,1248.62,,,,,,
Warhouse2,Customer28,Green,90.86,,,,,,
Warhouse2,Customer28,Red,74.08,,,,,,
Warhouse2,Customer28,Blue,21.32,,,,,,
Warhouse2,Customer28,Gray,17,,,,,,
Warhouse2,Customer29,Clear,6286.56,,,,,,
Warhouse2,Customer29,Green,2635.48,,,,,,
Warhouse2,Customer29,Red,363.64,,,,,,
Warhouse2,Customer29,Blue,218.06,,,,,,
Warhouse2,Customer29,Gray,131.43,,,,,,
Warhouse2,Customer30,Clear,0,,,,,,
Warhouse2,Customer30,Green,0,,,,,,
Warhouse2,Customer30,Red,0,,,,,,
Warhouse2,Customer30,Blue,0,,,,,,
Warhouse2,Customer30,Gray,0,,,,,,
Warhouse2,Customer31,Clear,0,,,,,,
Warhouse2,Customer31,Green,0,,,,,,
Warhouse2,Customer31,Red,0,,,,,,
Warhouse2,Customer31,Blue,0,,,,,,
Warhouse2,Customer31,Gray,0,,,,,,
Warhouse2,Customer32,Clear,0,,,,,,
Warhouse2,Customer32,Green,0,,,,,,
Warhouse2,Customer32,Red,0,,,,,,
Warhouse2,Customer32,Blue,0,,,,,,
Warhouse2,Customer32,Gray,0,,,,,,
Warhouse2,Customer33,Clear,0,,,,,,
Warhouse2,Customer33,Green,0,,,,,,
Warhouse2,Customer33,Red,0,,,,,,
Warhouse2,Customer33,Blue,0,,,,,,
Warhouse2,Customer33,Gray,0,,,,,,
Warhouse2,Customer34,Clear,0,,,,,,
Warhouse2,Customer34,Green,0,,,,,,
Warhouse2,Customer34,Red,0,,,,,,
Warhouse2,Customer34,Blue,0,,,,,,
Warhouse2,Customer34,Gray,0,,,,,,
Warhouse2,Customer35,Clear,0,,,,,,
Warhouse2,Customer35,Green,0,,,,,,
Warhouse2,Customer35,Red,0,,,,,,
Warhouse2,Customer35,Blue,0,,,,,,
Warhouse2,Customer35,Gray,0,,,,,,
Warhouse2,Customer36,Clear,1197.22,,,,,,
Warhouse2,Customer36,Green,411.54,,,,,,
Warhouse2,Customer36,Red,145.52,,,,,,
Warhouse2,Customer36,Blue,76.05,,,,,,
Warhouse2,Customer36,Gray,41.34,,,,,,
Warhouse2,Customer37,Clear,0,,,,,,
Warhouse2,Customer37,Green,0,,,,,,
Warhouse2,Customer37,Red,0,,,,,,
Warhouse2,Customer37,Blue,0,,,,,,
Warhouse2,Customer37,Gray,0,,,,,,
Warhouse2,Customer38,Clear,0,,,,,,
Warhouse2,Customer38,Green,0,,,,,,
Warhouse2,Customer38,Red,0,,,,,,
Warhouse2,Customer38,Blue,0,,,,,,
Warhouse2,Customer38,Gray,0,,,,,,
Warhouse2,Customer39,Clear,0,,,,,,
Warhouse2,Customer39,Green,0,,,,,,
Warhouse2,Customer39,Red,0,,,,,,
Warhouse2,Customer39,Blue,0,,,,,,
Warhouse2,Customer39,Gray,0,,,,,,
Warhouse2,Customer40,Clear,0,,,,,,
Warhouse2,Customer40,Green,0,,,,,,
Warhouse2,Customer40,Red,0,,,,,,
Warhouse2,Customer40,Blue,0,,,,,,
Warhouse2,Customer40,Gray,0,,,,,,
Warhouse2,Customer41,Clear,0,,,,,,
Warhouse2,Customer41,Green,0,,,,,,
Warhouse2,Customer41,Red,0,,,,,,
Warhouse2,Customer41,Blue,0,,,,,,
Warhouse2,Customer41,Gray,0,,,,,,
Warhouse2,Customer42,Clear,7652.23,,,,,,
Warhouse2,Customer42,Green,1586.51,,,,,,
Warhouse2,Customer42,Red,490,,,,,,
Warhouse2,Customer42,Blue,239.53,,,,,,
Warhouse2,Customer42,Gray,176.32,,,,,,
Warhouse2,Customer43,Clear,3936.85,,,,,,
Warhouse2,Customer43,Green,577.07,,,,,,
Warhouse2,Customer43,Red,120.42,,,,,,
Warhouse2,Customer43,Blue,94.06,,,,,,
Warhouse2,Customer43,Gray,94.25,,,,,,
Warhouse2,Customer44,Clear,0,,,,,,
Warhouse2,Customer44,Green,0,,,,,,
Warhouse2,Customer44,Red,0,,,,,,
Warhouse2,Customer44,Blue,0,,,,,,
Warhouse2,Customer44,Gray,0,,,,,,
Warhouse2,Customer45,Clear,0,,,,,,
Warhouse2,Customer45,Green,0,,,,,,
Warhouse2,Customer45,Red,0,,,,,,
Warhouse2,Customer45,Blue,0,,,,,,
Warhouse2,Customer45,Gray,0,,,,,,
Warhouse2,Customer46,Clear,1422.96,,,,,,
Warhouse2,Customer46,Green,393.97,,,,,,
Warhouse2,Customer46,Red,165.02,,,,,,
Warhouse2,Customer46,Blue,237.75,,,,,,
Warhouse2,Customer46,Gray,123.02,,,,,,
Warhouse2,Customer47,Clear,1644.78,,,,,,
Warhouse2,Customer47,Green,85.45,,,,,,
Warhouse2,Customer47,Red,66.16,,,,,,
Warhouse2,Customer47,Blue,9.04,,,,,,
Warhouse2,Customer47,Gray,3.76,,,,,,
Warhouse2,Customer48,Clear,0,,,,,,
Warhouse2,Customer48,Green,0,,,,,,
Warhouse2,Customer48,Red,0,,,,,,
Warhouse2,Customer48,Blue,0,,,,,,
Warhouse2,Customer48,Gray,0,,,,,,
Warhouse2,Customer49,Clear,0,,,,,,
Warhouse2,Customer49,Green,0,,,,,,
Warhouse2,Customer49,Red,0,,,,,,
Warhouse2,Customer49,Blue,0,,,,,,
Warhouse2,Customer49,Gray,0,,,,,,
Warhouse2,Customer50,Clear,0,,,,,,
Warhouse2,Customer50,Green,0,,,,,,
Warhouse2,Customer50,Red,0,,,,,,
Warhouse2,Customer50,Blue,0,,,,,,
Warhouse2,Customer50,Gray,0,,,,,,
Warhouse3,Customer1,Clear,0,,,,,,
Warhouse3,Customer1,Green,0,,,,,,
Warhouse3,Customer1,Red,0,,,,,,
Warhouse3,Customer1,Blue,0,,,,,,
Warhouse3,Customer1,Gray,0,,,,,,
Warhouse3,Customer2,Clear,0,,,,,,
Warhouse3,Customer2,Green,0,,,,,,
Warhouse3,Customer2,Red,0,,,,,,
Warhouse3,Customer2,Blue,0,,,,,,
Warhouse3,Customer2,Gray,0,,,,,,
Warhouse3,Customer3,Clear,0,,,,,,
Warhouse3,Customer3,Green,0,,,,,,
Warhouse3,Customer3,Red,0,,,,,,
Warhouse3,Customer3,Blue,0,,,,,,
Warhouse3,Customer3,Gray,0,,,,,,
Warhouse3,Customer4,Clear,0,,,,,,
Warhouse3,Customer4,Green,0,,,,,,
Warhouse3,Customer4,Red,0,,,,,,
Warhouse3,Customer4,Blue,0,,,,,,
Warhouse3,Customer4,Gray,0,,,,,,
Warhouse3,Customer5,Clear,0,,,,,,
Warhouse3,Customer5,Green,0,,,,,,
Warhouse3,Customer5,Red,0,,,,,,
Warhouse3,Customer5,Blue,0,,,,,,
Warhouse3,Customer5,Gray,0,,,,,,
Warhouse3,Customer6,Clear,0,,,,,,
Warhouse3,Customer6,Green,0,,,,,,
Warhouse3,Customer6,Red,0,,,,,,
Warhouse3,Customer6,Blue,0,,,,,,
Warhouse3,Customer6,Gray,0,,,,,,
Warhouse3,Customer7,Clear,2259.1,,,,,,
Warhouse3,Customer7,Green,337.44,,,,,,
Warhouse3,Customer7,Red,83.08,,,,,,
Warhouse3,Customer7,Blue,27.29,,,,,,
Warhouse3,Customer7,Gray,5.78,,,,,,
Warhouse3,Customer8,Clear,0,,,,,,
Warhouse3,Customer8,Green,0,,,,,,
Warhouse3,Customer8,Red,0,,,,,,
Warhouse3,Customer8,Blue,0,,,,,,
Warhouse3,Customer8,Gray,0,,,,,,
Warhouse3,Customer9,Clear,0,,,,,,
Warhouse3,Customer9,Green,0,,,,,,
Warhouse3,Customer9,Red,0,,,,,,
Warhouse3,Customer9,Blue,0,,,,,,
Warhouse3,Customer9,Gray,0,,,,,,
Warhouse3,Customer10,Clear,4671.85,,,,,,
Warhouse3,Customer10,Green,1649.95,,,,,,
Warhouse3,Customer10,Red,409.08,,,,,,
Warhouse3,Customer10,Blue,332.98,,,,,,
Warhouse3,Customer10,Gray,22.08,,,,,,
Warhouse3,Customer11,Clear,0,,,,,,
Warhouse3,Customer11,Green,0,,,,,,
Warhouse3,Customer11,Red,0,,,,,,
Warhouse3,Customer11,Blue,0,,,,,,
Warhouse3,Customer11,Gray,0,,,,,,
Warhouse3,Customer12,Clear,0,,,,,,
Warhouse3,Customer12,Green,0,,,,,,
Warhouse3,Customer12,Red,0,,,,,,
Warhouse3,Customer12,Blue,0,,,,,,
Warhouse3,Customer12,Gray,0,,,,,,
Warhouse3,Customer13,Clear,0,,,,,,
Warhouse3,Customer13,Green,0,,,,,,
Warhouse3,Customer13,Red,0,,,,,,
Warhouse3,Customer13,Blue,0,,,,,,
Warhouse3,Customer13,Gray,0,,,,,,
Warhouse3,Customer14,Clear,0,,,,,,
Warhouse3,Customer14,Green,0,,,,,,
Warhouse3,Customer14,Red,0,,,,,,
Warhouse3,Customer14,Blue,0,,,,,,
Warhouse3,Customer14,Gray,0,,,,,,
Warhouse3,Customer15,Clear,0,,,,,,
Warhouse3,Customer15,Green,0,,,,,,
Warhouse3,Customer15,Red,0,,,,,,
Warhouse3,Customer15,Blue,0,,,,,,
Warhouse3,Customer15,Gray,0,,,,,,
Warhouse3,Customer16,Clear,0,,,,,,
Warhouse3,Customer16,Green,0,,,,,,
Warhouse3,Customer16,Red,0,,,,,,
Warhouse3,Customer16,Blue,0,,,,,,
Warhouse3,Customer16,Gray,0,,,,,,
Warhouse3,Customer17,Clear,0,,,,,,
Warhouse3,Customer17,Green,0,,,,,,
Warhouse3,Customer17,Red,0,,,,,,
Warhouse3,Customer17,Blue,0,,,,,,
Warhouse3,Customer17,Gray,0,,,,,,
Warhouse3,Customer18,Clear,0,,,,,,
Warhouse3,Customer18,Green,0,,,,,,
Warhouse3,Customer18,Red,0,,,,,,
Warhouse3,Customer18,Blue,0,,,,,,
Warhouse3,Customer18,Gray,0,,,,,,
Warhouse3,Customer19,Clear,2718.91,,,,,,
Warhouse3,Customer19,Green,546.11,,,,,,
Warhouse3,Customer19,Red,219.92,,,,,,
Warhouse3,Customer19,Blue,136.46,,,,,,
Warhouse3,Customer19,Gray,60.7,,,,,,
Warhouse3,Customer20,Clear,1439.39,,,,,,
Warhouse3,Customer20,Green,784.93,,,,,,
Warhouse3,Customer20,Red,577.37,,,,,,
Warhouse3,Customer20,Blue,194.4,,,,,,
Warhouse3,Customer20,Gray,46.17,,,,,,
Warhouse3,Customer21,Clear,0,,,,,,
Warhouse3,Customer21,Green,0,,,,,,
Warhouse3,Customer21,Red,0,,,,,,
Warhouse3,Customer21,Blue,0,,,,,,
Warhouse3,Customer21,Gray,0,,,,,,
Warhouse3,Customer22,Clear,0,,,,,,
Warhouse3,Customer22,Green,0,,,,,,
Warhouse3,Customer22,Red,0,,,,,,
Warhouse3,Customer22,Blue,0,,,,,,
Warhouse3,Customer22,Gray,0,,,,,,
Warhouse3,Customer23,Clear,0,,,,,,
Warhouse3,Customer23,Green,0,,,,,,
Warhouse3,Customer23,Red,0,,,,,,
Warhouse3,Customer23,Blue,0,,,,,,
Warhouse3,Customer23,Gray,0,,,,,,
Warhouse3,Customer24,Clear,12314.28,,,,,,
Warhouse3,Customer24,Green,2275.11,,,,,,
Warhouse3,Customer24,Red,1323.5,,,,,,
Warhouse3,Customer24,Blue,1005.42,,,,,,
Warhouse3,Customer24,Gray,669.39,,,,,,
Warhouse3,Customer25,Clear,0,,,,,,
Warhouse3,Customer25,Green,0,,,,,,
Warhouse3,Customer25,Red,0,,,,,,
Warhouse3,Customer25,Blue,0,,,,,,
Warhouse3,Customer25,Gray,0,,,,,,
Warhouse3,Customer26,Clear,0,,,,,,
Warhouse3,Customer26,Green,0,,,,,,
Warhouse3,Customer26,Red,0,,,,,,
Warhouse3,Customer26,Blue,0,,,,,,
Warhouse3,Customer26,Gray,0,,,,,,
Warhouse3,Customer27,Clear,6302.34,,,,,,
Warhouse3,Customer27,Green,1592.14,,,,,,
Warhouse3,Customer27,Red,76.74,,,,,,
Warhouse3,Customer27,Blue,47.22,,,,,,
Warhouse3,Customer27,Gray,45.91,,,,,,
Warhouse3,Customer28,Clear,0,,,,,,
Warhouse3,Customer28,Green,0,,,,,,
Warhouse3,Customer28,Red,0,,,,,,
Warhouse3,Customer28,Blue,0,,,,,,
Warhouse3,Customer28,Gray,0,,,,,,
Warhouse3,Customer29,Clear,0,,,,,,
Warhouse3,Customer29,Green,0,,,,,,
Warhouse3,Customer29,Red,0,,,,,,
Warhouse3,Customer29,Blue,0,,,,,,
Warhouse3,Customer29,Gray,0,,,,,,
Warhouse3,Customer30,Clear,0,,,,,,
Warhouse3,Customer30,Green,0,,,,,,
Warhouse3,Customer30,Red,0,,,,,,
Warhouse3,Customer30,Blue,0,,,,,,
Warhouse3,Customer30,Gray,0,,,,,,
Warhouse3,Customer31,Clear,11027.86,,,,,,
Warhouse3,Customer31,Green,2402.35,,,,,,
Warhouse3,Customer31,Red,456.67,,,,,,
Warhouse3,Customer31,Blue,305.81,,,,,,
Warhouse3,Customer31,Gray,189,,,,,,
Warhouse3,Customer32,Clear,0,,,,,,
Warhouse3,Customer32,Green,0,,,,,,
Warhouse3,Customer32,Red,0,,,,,,
Warhouse3,Customer32,Blue,0,,,,,,
Warhouse3,Customer32,Gray,0,,,,,,
Warhouse3,Customer33,Clear,0,,,,,,
Warhouse3,Customer33,Green,0,,,,,,
Warhouse3,Customer33,Red,0,,,,,,
Warhouse3,Customer33,Blue,0,,,,,,
Warhouse3,Customer33,Gray,0,,,,,,
Warhouse3,Customer34,Clear,0,,,,,,
Warhouse3,Customer34,Green,0,,,,,,
Warhouse3,Customer34,Red,0,,,,,,
Warhouse3,Customer34,Blue,0,,,,,,
Warhouse3,Customer34,Gray,0,,,,,,
Warhouse3,Customer35,Clear,0,,,,,,
Warhouse3,Customer35,Green,0,,,,,,
Warhouse3,Customer35,Red,0,,,,,,
Warhouse3,Customer35,Blue,0,,,,,,
Warhouse3,Customer35,Gray,0,,,,,,
Warhouse3,Customer36,Clear,0,,,,,,
Warhouse3,Customer36,Green,0,,,,,,
Warhouse3,Customer36,Red,0,,,,,,
Warhouse3,Customer36,Blue,0,,,,,,
Warhouse3,Customer36,Gray,0,,,,,,
Warhouse3,Customer37,Clear,0,,,,,,
Warhouse3,Customer37,Green,0,,,,,,
Warhouse3,Customer37,Red,0,,,,,,
Warhouse3,Customer37,Blue,0,,,,,,
Warhouse3,Customer37,Gray,0,,,,,,
Warhouse3,Customer38,Clear,0,,,,,,
Warhouse3,Customer38,Green,0,,,,,,
Warhouse3,Customer38,Red,0,,,,,,
Warhouse3,Customer38,Blue,0,,,,,,
Warhouse3,Customer38,Gray,0,,,,,,
Warhouse3,Customer39,Clear,0,,,,,,
Warhouse3,Customer39,Green,0,,,,,,
Warhouse3,Customer39,Red,0,,,,,,
Warhouse3,Customer39,Blue,0,,,,,,
Warhouse3,Customer39,Gray,0,,,,,,
Warhouse3,Customer40,Clear,0,,,,,,
Warhouse3,Customer40,Green,0,,,,,,
Warhouse3,Customer40,Red,0,,,,,,
Warhouse3,Customer40,Blue,0,,,,,,
Warhouse3,Customer40,Gray,0,,,,,,
Warhouse3,Customer41,Clear,0,,,,,,
Warhouse3,Customer41,Green,0,,,,,,
Warhouse3,Customer41,Red,0,,,,,,
Warhouse3,Customer41,Blue,0,,,,,,
Warhouse3,Customer41,Gray,0,,,,,,
Warhouse3,Customer42,Clear,0,,,,,,
Warhouse3,Customer42,Green,0,,,,,,
Warhouse3,Customer42,Red,0,,,,,,
Warhouse3,Customer42,Blue,0,,,,,,
Warhouse3,Customer42,Gray,0,,,,,,
Warhouse3,Customer43,Clear,0,,,,,,
Warhouse3,Customer43,Green,0,,,,,,
Warhouse3,Customer43,Red,0,,,,,,
Warhouse3,Customer43,Blue,0,,,,,,
Warhouse3,Customer43,Gray,0,,,,,,
Warhouse3,Customer44,Clear,0,,,,,,
Warhouse3,Customer44,Green,0,,,,,,
Warhouse3,Customer44,Red,0,,,,,,
Warhouse3,Customer44,Blue,0,,,,,,
Warhouse3,Customer44,Gray,0,,,,,,
Warhouse3,Customer45,Clear,0,,,,,,
Warhouse3,Customer45,Green,0,,,,,,
Warhouse3,Customer45,Red,0,,,,,,
Warhouse3,Customer45,Blue,0,,,,,,
Warhouse3,Customer45,Gray,0,,,,,,
Warhouse3,Customer46,Clear,0,,,,,,
Warhouse3,Customer46,Green,0,,,,,,
Warhouse3,Customer46,Red,0,,,,,,
Warhouse3,Customer46,Blue,0,,,,,,
Warhouse3,Customer46,Gray,0,,,,,,
Warhouse3,Customer47,Clear,0,,,,,,
Warhouse3,Customer47,Green,0,,,,,,
Warhouse3,Customer47,Red,0,,,,,,
Warhouse3,Customer47,Blue,0,,,,,,
Warhouse3,Customer47,Gray,0,,,,,,
Warhouse3,Customer48,Clear,0,,,,,,
Warhouse3,Customer48,Green,0,,,,,,
Warhouse3,Customer48,Red,0,,,,,,
Warhouse3,Customer48,Blue,0,,,,,,
Warhouse3,Customer48,Gray,0,,,,,,
Warhouse3,Customer49,Clear,0,,,,,,
Warhouse3,Customer49,Green,0,,,,,,
Warhouse3,Customer49,Red,0,,,,,,
Warhouse3,Customer49,Blue,0,,,,,,
Warhouse3,Customer49,Gray,0,,,,,,
Warhouse3,Customer50,Clear,6554.45,,,,,,
Warhouse3,Customer50,Green,1565.64,,,,,,
Warhouse3,Customer50,Red,1403.7,,,,,,
Warhouse3,Customer50,Blue,395.08,,,,,,
Warhouse3,Customer50,Gray,99.62,,,,,,
Warhouse4,Customer1,Clear,0,,,,,,
Warhouse4,Customer1,Green,0,,,,,,
Warhouse4,Customer1,Red,0,,,,,,
Warhouse4,Customer1,Blue,0,,,,,,
Warhouse4,Customer1,Gray,0,,,,,,
Warhouse4,Customer2,Clear,0,,,,,,
Warhouse4,Customer2,Green,0,,,,,,
Warhouse4,Customer2,Red,0,,,,,,
Warhouse4,Customer2,Blue,0,,,,,,
Warhouse4,Customer2,Gray,0,,,,,,
Warhouse4,Customer3,Clear,0,,,,,,
Warhouse4,Customer3,Green,0,,,,,,
Warhouse4,Customer3,Red,0,,,,,,
Warhouse4,Customer3,Blue,0,,,,,,
Warhouse4,Customer3,Gray,0,,,,,,
Warhouse4,Customer4,Clear,2099.06,,,,,,
Warhouse4,Customer4,Green,366.34,,,,,,
Warhouse4,Customer4,Red,14.45,,,,,,
Warhouse4,Customer4,Blue,11.76,,,,,,
Warhouse4,Customer4,Gray,6.75,,,,,,
Warhouse4,Customer5,Clear,0,,,,,,
Warhouse4,Customer5,Green,0,,,,,,
Warhouse4,Customer5,Red,0,,,,,,
Warhouse4,Customer5,Blue,0,,,,,,
Warhouse4,Customer5,Gray,0,,,,,,
Warhouse4,Customer6,Clear,0,,,,,,
Warhouse4,Customer6,Green,0,,,,,,
Warhouse4,Customer6,Red,0,,,,,,
Warhouse4,Customer6,Blue,0,,,,,,
Warhouse4,Customer6,Gray,0,,,,,,
Warhouse4,Customer7,Clear,0,,,,,,
Warhouse4,Customer7,Green,0,,,,,,
Warhouse4,Customer7,Red,0,,,,,,
Warhouse4,Customer7,Blue,0,,,,,,
Warhouse4,Customer7,Gray,0,,,,,,
Warhouse4,Customer8,Clear,0,,,,,,
Warhouse4,Customer8,Green,0,,,,,,
Warhouse4,Customer8,Red,0,,,,,,
Warhouse4,Customer8,Blue,0,,,,,,
Warhouse4,Customer8,Gray,0,,,,,,
Warhouse4,Customer9,Clear,9782.28,,,,,,
Warhouse4,Customer9,Green,3556.56,,,,,,
Warhouse4,Customer9,Red,1986.77,,,,,,
Warhouse4,Customer9,Blue,55.94,,,,,,
Warhouse4,Customer9,Gray,20.79,,,,,,
Warhouse4,Customer10,Clear,0,,,,,,
Warhouse4,Customer10,Green,0,,,,,,
Warhouse4,Customer10,Red,0,,,,,,
Warhouse4,Customer10,Blue,0,,,,,,
Warhouse4,Customer10,Gray,0,,,,,,
Warhouse4,Customer11,Clear,0,,,,,,
Warhouse4,Customer11,Green,0,,,,,,
Warhouse4,Customer11,Red,0,,,,,,
Warhouse4,Customer11,Blue,0,,,,,,
Warhouse4,Customer11,Gray,0,,,,,,
Warhouse4,Customer12,Clear,6956.8,,,,,,
Warhouse4,Customer12,Green,1525.97,,,,,,
Warhouse4,Customer12,Red,1249.92,,,,,,
Warhouse4,Customer12,Blue,492.81,,,,,,
Warhouse4,Customer12,Gray,322.13,,,,,,
Warhouse4,Customer13,Clear,0,,,,,,
Warhouse4,Customer13,Green,0,,,,,,
Warhouse4,Customer13,Red,0,,,,,,
Warhouse4,Customer13,Blue,0,,,,,,
Warhouse4,Customer13,Gray,0,,,,,,
Warhouse4,Customer14,Clear,0,,,,,,
Warhouse4,Customer14,Green,0,,,,,,
Warhouse4,Customer14,Red,0,,,,,,
Warhouse4,Customer14,Blue,0,,,,,,
Warhouse4,Customer14,Gray,0,,,,,,
Warhouse4,Customer15,Clear,0,,,,,,
Warhouse4,Customer15,Green,0,,,,,,
Warhouse4,Customer15,Red,0,,,,,,
Warhouse4,Customer15,Blue,0,,,,,,
Warhouse4,Customer15,Gray,0,,,,,,
Warhouse4,Customer16,Clear,0,,,,,,
Warhouse4,Customer16,Green,0,,,,,,
Warhouse4,Customer16,Red,0,,,,,,
Warhouse4,Customer16,Blue,0,,,,,,
Warhouse4,Customer16,Gray,0,,,,,,
Warhouse4,Customer17,Clear,0,,,,,,
Warhouse4,Customer17,Green,0,,,,,,
Warhouse4,Customer17,Red,0,,,,,,
Warhouse4,Customer17,Blue,0,,,,,,
Warhouse4,Customer17,Gray,0,,,,,,
Warhouse4,Customer18,Clear,0,,,,,,
Warhouse4,Customer18,Green,0,,,,,,
Warhouse4,Customer18,Red,0,,,,,,
Warhouse4,Customer18,Blue,0,,,,,,
Warhouse4,Customer18,Gray,0,,,,,,
Warhouse4,Customer19,Clear,0,,,,,,
Warhouse4,Customer19,Green,0,,,,,,
Warhouse4,Customer19,Red,0,,,,,,
Warhouse4,Customer19,Blue,0,,,,,,
Warhouse4,Customer19,Gray,0,,,,,,
Warhouse4,Customer20,Clear,0,,,,,,
Warhouse4,Customer20,Green,0,,,,,,
Warhouse4,Customer20,Red,0,,,,,,
Warhouse4,Customer20,Blue,0,,,,,,
Warhouse4,Customer20,Gray,0,,,,,,
Warhouse4,Customer21,Clear,0,,,,,,
Warhouse4,Customer21,Green,0,,,,,,
Warhouse4,Customer21,Red,0,,,,,,
Warhouse4,Customer21,Blue,0,,,,,,
Warhouse4,Customer21,Gray,0,,,,,,
Warhouse4,Customer22,Clear,3631.17,,,,,,
Warhouse4,Customer22,Green,1424.26,,,,,,
Warhouse4,Customer22,Red,36.23,,,,,,
Warhouse4,Customer22,Blue,2.42,,,,,,
Warhouse4,Customer22,Gray,1.15,,,,,,
Warhouse4,Customer23,Clear,0,,,,,,
Warhouse4,Customer23,Green,0,,,,,,
Warhouse4,Customer23,Red,0,,,,,,
Warhouse4,Customer23,Blue,0,,,,,,
Warhouse4,Customer23,Gray,0,,,,,,
Warhouse4,Customer24,Clear,0,,,,,,
Warhouse4,Customer24,Green,0,,,,,,
Warhouse4,Customer24,Red,0,,,,,,
Warhouse4,Customer24,Blue,0,,,,,,
Warhouse4,Customer24,Gray,0,,,,,,
Warhouse4,Customer25,Clear,4188.04,,,,,,
Warhouse4,Customer25,Green,1527.57,,,,,,
Warhouse4,Customer25,Red,236.64,,,,,,
Warhouse4,Customer25,Blue,66.33,,,,,,
Warhouse4,Customer25,Gray,3.21,,,,,,
Warhouse4,Customer26,Clear,8437.43,,,,,,
Warhouse4,Customer26,Green,2477.49,,,,,,
Warhouse4,Customer26,Red,2557.64,,,,,,
Warhouse4,Customer26,Blue,1647.51,,,,,,
Warhouse4,Customer26,Gray,526.85,,,,,,
Warhouse4,Customer27,Clear,0,,,,,,
Warhouse4,Customer27,Green,0,,,,,,
Warhouse4,Customer27,Red,0,,,,,,
Warhouse4,Customer27,Blue,0,,,,,,
Warhouse4,Customer27,Gray,0,,,,,,
Warhouse4,Customer28,Clear,0,,,,,,
Warhouse4,Customer28,Green,0,,,,,,
Warhouse4,Customer28,Red,0,,,,,,
Warhouse4,Customer28,Blue,0,,,,,,
Warhouse4,Customer28,Gray,0,,,,,,
Warhouse4,Customer29,Clear,0,,,,,,
Warhouse4,Customer29,Green,0,,,,,,
Warhouse4,Customer29,Red,0,,,,,,
Warhouse4,Customer29,Blue,0,,,,,,
Warhouse4,Customer29,Gray,0,,,,,,
Warhouse4,Customer30,Clear,0,,,,,,
Warhouse4,Customer30,Green,0,,,,,,
Warhouse4,Customer30,Red,0,,,,,,
Warhouse4,Customer30,Blue,0,,,,,,
Warhouse4,Customer30,Gray,0,,,,,,
Warhouse4,Customer31,Clear,0,,,,,,
Warhouse4,Customer31,Green,0,,,,,,
Warhouse4,Customer31,Red,0,,,,,,
Warhouse4,Customer31,Blue,0,,,,,,
Warhouse4,Customer31,Gray,0,,,,,,
Warhouse4,Customer32,Clear,0,,,,,,
Warhouse4,Customer32,Green,0,,,,,,
Warhouse4,Customer32,Red,0,,,,,,
Warhouse4,Customer32,Blue,0,,,,,,
Warhouse4,Customer32,Gray,0,,,,,,
Warhouse4,Customer33,Clear,7240.82,,,,,,
Warhouse4,Customer33,Green,105.34,,,,,,
Warhouse4,Customer33,Red,81.89,,,,,,
Warhouse4,Customer33,Blue,8.5,,,,,,
Warhouse4,Customer33,Gray,3.36,,,,,,
Warhouse4,Customer34,Clear,0,,,,,,
Warhouse4,Customer34,Green,0,,,,,,
Warhouse4,Customer34,Red,0,,,,,,
Warhouse4,Customer34,Blue,0,,,,,,
Warhouse4,Customer34,Gray,0,,,,,,
Warhouse4,Customer35,Clear,0,,,,,,
Warhouse4,Customer35,Green,0,,,,,,
Warhouse4,Customer35,Red,0,,,,,,
Warhouse4,Customer35,Blue,0,,,,,,
Warhouse4,Customer35,Gray,0,,,,,,
Warhouse4,Customer36,Clear,0,,,,,,
Warhouse4,Customer36,Green,0,,,,,,
Warhouse4,Customer36,Red,0,,,,,,
Warhouse4,Customer36,Blue,0,,,,,,
Warhouse4,Customer36,Gray,0,,,,,,
Warhouse4,Customer37,Clear,0,,,,,,
Warhouse4,Customer37,Green,0,,,,,,
Warhouse4,Customer37,Red,0,,,,,,
Warhouse4,Customer37,Blue,0,,,,,,
Warhouse4,Customer37,Gray,0,,,,,,
Warhouse4,Customer38,Clear,4510.31,,,,,,
Warhouse4,Customer38,Green,89.09,,,,,,
Warhouse4,Customer38,Red,83.22,,,,,,
Warhouse4,Customer38,Blue,39.83,,,,,,
Warhouse4,Customer38,Gray,38.63,,,,,,
Warhouse4,Customer39,Clear,8850.49,,,,,,
Warhouse4,Customer39,Green,213.23,,,,,,
Warhouse4,Customer39,Red,215.03,,,,,,
Warhouse4,Customer39,Blue,146.52,,,,,,
Warhouse4,Customer39,Gray,50.78,,,,,,
Warhouse4,Customer40,Clear,0,,,,,,
Warhouse4,Customer40,Green,0,,,,,,
Warhouse4,Customer40,Red,0,,,,,,
Warhouse4,Customer40,Blue,0,,,,,,
Warhouse4,Customer40,Gray,0,,,,,,
Warhouse4,Customer41,Clear,0,,,,,,
Warhouse4,Customer41,Green,0,,,,,,
Warhouse4,Customer41,Red,0,,,,,,
Warhouse4,Customer41,Blue,0,,,,,,
Warhouse4,Customer41,Gray,0,,,,,,
Warhouse4,Customer42,Clear,0,,,,,,
Warhouse4,Customer42,Green,0,,,,,,
Warhouse4,Customer42,Red,0,,,,,,
Warhouse4,Customer42,Blue,0,,,,,,
Warhouse4,Customer42,Gray,0,,,,,,
Warhouse4,Customer43,Clear,0,,,,,,
Warhouse4,Customer43,Green,0,,,,,,
Warhouse4,Customer43,Red,0,,,,,,
Warhouse4,Customer43,Blue,0,,,,,,
Warhouse4,Customer43,Gray,0,,,,,,
Warhouse4,Customer44,Clear,2640.47,,,,,,
Warhouse4,Customer44,Green,1529.34,,,,,,
Warhouse4,Customer44,Red,456.03,,,,,,
Warhouse4,Customer44,Blue,136.96,,,,,,
Warhouse4,Customer44,Gray,99.59,,,,,,
Warhouse4,Customer45,Clear,7726.72,,,,,,
Warhouse4,Customer45,Green,2919.06,,,,,,
Warhouse4,Customer45,Red,430.22,,,,,,
Warhouse4,Customer45,Blue,290.16,,,,,,
Warhouse4,Customer45,Gray,153.5,,,,,,
Warhouse4,Customer46,Clear,0,,,,,,
Warhouse4,Customer46,Green,0,,,,,,
Warhouse4,Customer46,Red,0,,,,,,
Warhouse4,Customer46,Blue,0,,,,,,
Warhouse4,Customer46,Gray,0,,,,,,
Warhouse4,Customer47,Clear,0,,,,,,
Warhouse4,Customer47,Green,0,,,,,,
Warhouse4,Customer47,Red,0,,,,,,
Warhouse4,Customer47,Blue,0,,,,,,
Warhouse4,Customer47,Gray,0,,,,,,
Warhouse4,Customer48,Clear,0,,,,,,
Warhouse4,Customer48,Green,0,,,,,,
Warhouse4,Customer48,Red,0,,,,,,
Warhouse4,Customer48,Blue,0,,,,,,
Warhouse4,Customer48,Gray,0,,,,,,
Warhouse4,Customer49,Clear,0,,,,,,
Warhouse4,Customer49,Green,0,,,,,,
Warhouse4,Customer49,Red,0,,,,,,
Warhouse4,Customer49,Blue,0,,,,,,
Warhouse4,Customer49,Gray,0,,,,,,
Warhouse4,Customer50,Clear,0,,,,,,
Warhouse4,Customer50,Green,0,,,,,,
Warhouse4,Customer50,Red,0,,,,,,
Warhouse4,Customer50,Blue,0,,,,,,
Warhouse4,Customer50,Gray,0,,,,,,
Warhouse5,Customer1,Clear,0,,,,,,
Warhouse5,Customer1,Green,0,,,,,,
Warhouse5,Customer1,Red,0,,,,,,
Warhouse5,Customer1,Blue,0,,,,,,
Warhouse5,Customer1,Gray,0,,,,,,
Warhouse5,Customer2,Clear,0,,,,,,
Warhouse5,Customer2,Green,0,,,,,,
Warhouse5,Customer2,Red,0,,,,,,
Warhouse5,Customer2,Blue,0,,,,,,
Warhouse5,Customer2,Gray,0,,,,,,
Warhouse5,Customer3,Clear,0,,,,,,
Warhouse5,Customer3,Green,0,,,,,,
Warhouse5,Customer3,Red,0,,,,,,
Warhouse5,Customer3,Blue,0,,,,,,
Warhouse5,Customer3,Gray,0,,,,,,
Warhouse5,Customer4,Clear,0,,,,,,
Warhouse5,Customer4,Green,0,,,,,,
Warhouse5,Customer4,Red,0,,,,,,
Warhouse5,Customer4,Blue,0,,,,,,
Warhouse5,Customer4,Gray,0,,,,,,
Warhouse5,Customer5,Clear,0,,,,,,
Warhouse5,Customer5,Green,0,,,,,,
Warhouse5,Customer5,Red,0,,,,,,
Warhouse5,Customer5,Blue,0,,,,,,
Warhouse5,Customer5,Gray,0,,,,,,
Warhouse5,Customer6,Clear,0,,,,,,
Warhouse5,Customer6,Green,0,,,,,,
Warhouse5,Customer6,Red,0,,,,,,
Warhouse5,Customer6,Blue,0,,,,,,
Warhouse5,Customer6,Gray,0,,,,,,
Warhouse5,Customer7,Clear,0,,,,,,
Warhouse5,Customer7,Green,0,,,,,,
Warhouse5,Customer7,Red,0,,,,,,
Warhouse5,Customer7,Blue,0,,,,,,
Warhouse5,Customer7,Gray,0,,,,,,
Warhouse5,Customer8,Clear,9289.3,,,,,,
Warhouse5,Customer8,Green,708.15,,,,,,
Warhouse5,Customer8,Red,197.37,,,,,,
Warhouse5,Customer8,Blue,158.13,,,,,,
Warhouse5,Customer8,Gray,54.69,,,,,,
Warhouse5,Customer9,Clear,0,,,,,,
Warhouse5,Customer9,Green,0,,,,,,
Warhouse5,Customer9,Red,0,,,,,,
Warhouse5,Customer9,Blue,0,,,,,,
Warhouse5,Customer9,Gray,0,,,,,,
Warhouse5,Customer10,Clear,0,,,,,,
Warhouse5,Customer10,Green,0,,,,,,
Warhouse5,Customer10,Red,0,,,,,,
Warhouse5,Customer10,Blue,0,,,,,,
Warhouse5,Customer10,Gray,0,,,,,,
Warhouse5,Customer11,Clear,0,,,,,,
Warhouse5,Customer11,Green,0,,,,,,
Warhouse5,Customer11,Red,0,,,,,,
Warhouse5,Customer11,Blue,0,,,,,,
Warhouse5,Customer11,Gray,0,,,,,,
Warhouse5,Customer12,Clear,0,,,,,,
Warhouse5,Customer12,Green,0,,,,,,
Warhouse5,Customer12,Red,0,,,,,,
Warhouse5,Customer12,Blue,0,,,,,,
Warhouse5,Customer12,Gray,0,,,,,,
Warhouse5,Customer13,Clear,0,,,,,,
Warhouse5,Customer13,Green,0,,,,,,
Warhouse5,Customer13,Red,0,,,,,,
Warhouse5,Customer13,Blue,0,,,,,,
Warhouse5,Customer13,Gray,0,,,,,,
Warhouse5,Customer14,Clear,4144.78,,,,,,
Warhouse5,Customer14,Green,349.93,,,,,,
Warhouse5,Customer14,Red,62.43,,,,,,
Warhouse5,Customer14,Blue,24.08,,,,,,
Warhouse5,Customer14,Gray,6.37,,,,,,
Warhouse5,Customer15,Clear,11121.56,,,,,,
Warhouse5,Customer15,Green,1904.59,,,,,,
Warhouse5,Customer15,Red,34.96,,,,,,
Warhouse5,Customer15,Blue,15.57,,,,,,
Warhouse5,Customer15,Gray,11.66,,,,,,
Warhouse5,Customer16,Clear,0,,,,,,
Warhouse5,Customer16,Green,0,,,,,,
Warhouse5,Customer16,Red,0,,,,,,
Warhouse5,Customer16,Blue,0,,,,,,
Warhouse5,Customer16,Gray,0,,,,,,
Warhouse5,Customer17,Clear,0,,,,,,
Warhouse5,Customer17,Green,0,,,,,,
Warhouse5,Customer17,Red,0,,,,,,
Warhouse5,Customer17,Blue,0,,,,,,
Warhouse5,Customer17,Gray,0,,,,,,
Warhouse5,Customer18,Clear,0,,,,,,
Warhouse5,Customer18,Green,0,,,,,,
Warhouse5,Customer18,Red,0,,,,,,
Warhouse5,Customer18,Blue,0,,,,,,
Warhouse5,Customer18,Gray,0,,,,,,
Warhouse5,Customer19,Clear,0,,,,,,
Warhouse5,Customer19,Green,0,,,,,,
Warhouse5,Customer19,Red,0,,,,,,
Warhouse5,Customer19,Blue,0,,,,,,
Warhouse5,Customer19,Gray,0,,,,,,
Warhouse5,Customer20,Clear,0,,,,,,
Warhouse5,Customer20,Green,0,,,,,,
Warhouse5,Customer20,Red,0,,,,,,
Warhouse5,Customer20,Blue,0,,,,,,
Warhouse5,Customer20,Gray,0,,,,,,
Warhouse5,Customer21,Clear,0,,,,,,
Warhouse5,Customer21,Green,0,,,,,,
Warhouse5,Customer21,Red,0,,,,,,
Warhouse5,Customer21,Blue,0,,,,,,
Warhouse5,Customer21,Gray,0,,,,,,
Warhouse5,Customer22,Clear,0,,,,,,
Warhouse5,Customer22,Green,0,,,,,,
Warhouse5,Customer22,Red,0,,,,,,
Warhouse5,Customer22,Blue,0,,,,,,
Warhouse5,Customer22,Gray,0,,,,,,
Warhouse5,Customer23,Clear,0,,,,,,
Warhouse5,Customer23,Green,0,,,,,,
Warhouse5,Customer23,Red,0,,,,,,
Warhouse5,Customer23,Blue,0,,,,,,
Warhouse5,Customer23,Gray,0,,,,,,
Warhouse5,Customer24,Clear,0,,,,,,
Warhouse5,Customer24,Green,0,,,,,,
Warhouse5,Customer24,Red,0,,,,,,
Warhouse5,Customer24,Blue,0,,,,,,
Warhouse5,Customer24,Gray,0,,,,,,
Warhouse5,Customer25,Clear,0,,,,,,
Warhouse5,Customer25,Green,0,,,,,,
Warhouse5,Customer25,Red,0,,,,,,
Warhouse5,Customer25,Blue,0,,,,,,
Warhouse5,Customer25,Gray,0,,,,,,
Warhouse5,Customer26,Clear,0,,,,,,
Warhouse5,Customer26,Green,0,,,,,,
Warhouse5,Customer26,Red,0,,,,,,
Warhouse5,Customer26,Blue,0,,,,,,
Warhouse5,Customer26,Gray,0,,,,,,
Warhouse5,Customer27,Clear,0,,,,,,
Warhouse5,Customer27,Green,0,,,,,,
Warhouse5,Customer27,Red,0,,,,,,
Warhouse5,Customer27,Blue,0,,,,,,
Warhouse5,Customer27,Gray,0,,,,,,
Warhouse5,Customer28,Clear,0,,,,,,
Warhouse5,Customer28,Green,0,,,,,,
Warhouse5,Customer28,Red,0,,,,,,
Warhouse5,Customer28,Blue,0,,,,,,
Warhouse5,Customer28,Gray,0,,,,,,
Warhouse5,Customer29,Clear,0,,,,,,
Warhouse5,Customer29,Green,0,,,,,,
Warhouse5,Customer29,Red,0,,,,,,
Warhouse5,Customer29,Blue,0,,,,,,
Warhouse5,Customer29,Gray,0,,,,,,
Warhouse5,Customer30,Clear,0,,,,,,
Warhouse5,Customer30,Green,0,,,,,,
Warhouse5,Customer30,Red,0,,,,,,
Warhouse5,Customer30,Blue,0,,,,,,
Warhouse5,Customer30,Gray,0,,,,,,
Warhouse5,Customer31,Clear,0,,,,,,
Warhouse5,Customer31,Green,0,,,,,,
Warhouse5,Customer31,Red,0,,,,,,
Warhouse5,Customer31,Blue,0,,,,,,
Warhouse5,Customer31,Gray,0,,,,,,
Warhouse5,Customer32,Clear,6233.33,,,,,,
Warhouse5,Customer32,Green,2669.67,,,,,,
Warhouse5,Customer32,Red,1589.86,,,,,,
Warhouse5,Customer32,Blue,387.71,,,,,,
Warhouse5,Customer32,Gray,43.93,,,,,,
Warhouse5,Customer33,Clear,0,,,,,,
Warhouse5,Customer33,Green,0,,,,,,
Warhouse5,Customer33,Red,0,,,,,,
Warhouse5,Customer33,Blue,0,,,,,,
Warhouse5,Customer33,Gray,0,,,,,,
Warhouse5,Customer34,Clear,0,,,,,,
Warhouse5,Customer34,Green,0,,,,,,
Warhouse5,Customer34,Red,0,,,,,,
Warhouse5,Customer34,Blue,0,,,,,,
Warhouse5,Customer34,Gray,0,,,,,,
Warhouse5,Customer35,Clear,10276.03,,,,,,
Warhouse5,Customer35,Green,4233.6,,,,,,
Warhouse5,Customer35,Red,509.86,,,,,,
Warhouse5,Customer35,Blue,9.2,,,,,,
Warhouse5,Customer35,Gray,1.75,,,,,,
Warhouse5,Customer36,Clear,0,,,,,,
Warhouse5,Customer36,Green,0,,,,,,
Warhouse5,Customer36,Red,0,,,,,,
Warhouse5,Customer36,Blue,0,,,,,,
Warhouse5,Customer36,Gray,0,,,,,,
Warhouse5,Customer37,Clear,11160.13,,,,,,
Warhouse5,Customer37,Green,687.88,,,,,,
Warhouse5,Customer37,Red,14.13,,,,,,
Warhouse5,Customer37,Blue,13.12,,,,,,
Warhouse5,Customer37,Gray,0,,,,,,
Warhouse5,Customer38,Clear,0,,,,,,
Warhouse5,Customer38,Green,0,,,,,,
Warhouse5,Customer38,Red,0,,,,,,
Warhouse5,Customer38,Blue,0,,,,,,
Warhouse5,Customer38,Gray,0,,,,,,
Warhouse5,Customer39,Clear,0,,,,,,
Warhouse5,Customer39,Green,0,,,,,,
Warhouse5,Customer39,Red,0,,,,,,
Warhouse5,Customer39,Blue,0,,,,,,
Warhouse5,Customer39,Gray,0,,,,,,
Warhouse5,Customer40,Clear,8291.09,,,,,,
Warhouse5,Customer40,Green,2817.29,,,,,,
Warhouse5,Customer40,Red,2749.34,,,,,,
Warhouse5,Customer40,Blue,379.44,,,,,,
Warhouse5,Customer40,Gray,241.19,,,,,,
Warhouse5,Customer41,Clear,0,,,,,,
Warhouse5,Customer41,Green,0,,,,,,
Warhouse5,Customer41,Red,0,,,,,,
Warhouse5,Customer41,Blue,0,,,,,,
Warhouse5,Customer41,Gray,0,,,,,,
Warhouse5,Customer42,Clear,0,,,,,,
Warhouse5,Customer42,Green,0,,,,,,
Warhouse5,Customer42,Red,0,,,,,,
Warhouse5,Customer42,Blue,0,,,,,,
Warhouse5,Customer42,Gray,0,,,,,,
Warhouse5,Customer43,Clear,0,,,,,,
Warhouse5,Customer43,Green,0,,,,,,
Warhouse5,Customer43,Red,0,,,,,,
Warhouse5,Customer43,Blue,0,,,,,,
Warhouse5,Customer43,Gray,0,,,,,,
Warhouse5,Customer44,Clear,0,,,,,,
Warhouse5,Customer44,Green,0,,,,,,
Warhouse5,Customer44,Red,0,,,,,,
Warhouse5,Customer44,Blue,0,,,,,,
Warhouse5,Customer44,Gray,0,,,,,,
Warhouse5,Customer45,Clear,0,,,,,,
Warhouse5,Customer45,Green,0,,,,,,
Warhouse5,Customer45,Red,0,,,,,,
Warhouse5,Customer45,Blue,0,,,,,,
Warhouse5,Customer45,Gray,0,,,,,,
Warhouse5,Customer46,Clear,0,,,,,,
Warhouse5,Customer46,Green,0,,,,,,
Warhouse5,Customer46,Red,0,,,,,,
Warhouse5,Customer46,Blue,0,,,,,,
Warhouse5,Customer46,Gray,0,,,,,,
Warhouse5,Customer47,Clear,0,,,,,,
Warhouse5,Customer47,Green,0,,,,,,
Warhouse5,Customer47,Red,0,,,,,,
Warhouse5,Customer47,Blue,0,,,,,,
Warhouse5,Customer47,Gray,0,,,,,,
Warhouse5,Customer48,Clear,0,,,,,,
Warhouse5,Customer48,Green,0,,,,,,
Warhouse5,Customer48,Red,0,,,,,,
Warhouse5,Customer48,Blue,0,,,,,,
Warhouse5,Customer48,Gray,0,,,,,,
Warhouse5,Customer49,Clear,0,,,,,,
Warhouse5,Customer49,Green,0,,,,,,
Warhouse5,Customer49,Red,0,,,,,,
Warhouse5,Customer49,Blue,0,,,,,,
Warhouse5,Customer49,Gray,0,,,,,,
Warhouse5,Customer50,Clear,0,,,,,,
Warhouse5,Customer50,Green,0,,,,,,
Warhouse5,Customer50,Red,0,,,,,,
Warhouse5,Customer50,Blue,0,,,,,,
Warhouse5,Customer50,Gray,0,,,,,,
